OBVOD,CKAND,VSTRANA,JMENO,PRIJMENI,TITULPRED,TITULZA,VEK,POVOLANI,BYDLISTEN,PSTRANA,NSTRANA,PLATNOST,HLASY_K1,PROC_K1,URIZ_PR_K1,ZVOLEN_K1,HLASY_K2,PROC_K2,URIZ_PR_K2,ZVOLEN_K2,NAZEV_VS
3,1,166,"Miroslav","Plevný","prof. Dr. Ing.","",60,"senátor za Chebsko a Tachovsko, vysokoškolský profesor na Fakultě ekonomické ZČU","Cheb",99,166,"A",0,0,0,0,0,0,0,0,"STAROSTOVÉ A NEZÁVISLÍ"
3,2,1722,"Vladimír","Keblúšek","","",46,"podnikatel, moderátor","Cheb",99,1722,"A",0,0,0,0,0,0,0,0,"Naše Česko"
3,3,47,"Pavel","Hojda","Ing.","",73,"vedoucí technický pracovník, nyní v důchodu","Cheb",47,47,"A",0,0,0,0,0,0,0,0,"Komunistická strana Čech a Moravy"
3,4,768,"Sandra","Tsoukernik","Mgr.","",41,"manažerka, filantropka","Chodová Planá",99,768,"A",0,0,0,0,0,0,0,0,"ANO 2011"
3,5,1118,"Štěpánka","Černá","Mgr.","MBA",48,"ředitelka školy","Cheb",1118,1118,"A",0,0,0,0,0,0,0,0,"VOK – Volba pro kraj"
3,6,1114,"Ivan","Reis","","",65,"hudebník, živnostník","Cheb",1114,1114,"A",0,0,0,0,0,0,0,0,"Svoboda a přímá demokracie (SPD)"
6,1,1114,"Vladislav","Hrbáček","Bc. et Bc.","",48,"fyzioterapeut, zastupitel města Žatec","Žatec",1114,1114,"A",0,0,0,0,0,0,0,0,"Svoboda a přímá demokracie (SPD)"
6,2,1298,"Jiří","Kobza","","",70,"geolog, diplomat, politik, důchodce","Petrov",99,1298,"A",0,0,0,0,0,0,0,0,"STAČILO!"
6,3,1126,"Leo","Steiner","Mgr.","",55,"učitel, manažer a dotační expert, který vždy hraje fair play a umí přinést peníze obcím","Smolnice",99,1126,"A",0,0,0,0,0,0,0,0,"JsmePRO!"
6,4,1066,"Ivana","Hluštíková","Bc.","",53,"asistentka pedagoga, vychovatelka, zastupitelka města Louny","Louny",5,5,"A",0,0,0,0,0,0,0,0,"Ivana do Senátu"
6,5,166,"Ivo","Trešl","MUDr.","",54,"lékař - chirurg, traumatolog","Rakovník",99,166,"A",0,0,0,0,0,0,0,0,"STAROSTOVÉ A NEZÁVISLÍ"
6,6,768,"Jaroslav","Mikoláš","Ing.","",71,"zemědělec","Lišany",99,768,"A",0,0,0,0,0,0,0,0,"ANO 2011"
9,1,1282,"Jaroslav","Novák","","",72,"konzultant","Plzeň",1282,1282,"A",0,0,0,0,0,0,0,0,"Jasný Signál Nezávislých"
9,2,1948,"Lumír","Aschenbrenner","Ing.","",66,"starosta Městského obvodu Plzeň 2-Slovany, senátor","Plzeň",53,53,"A",0,0,0,0,0,0,0,0,"Koalice za Plzeň"
9,3,1014,"Daniela","Pousková","MUDr.","",69,"lékařka","Plzeň",99,1014,"A",0,0,0,0,0,0,0,0,"PRO PLZEŇ"
9,4,1187,"Bohumír","Janský","prof. RNDr.","CSc.",75,"univerzitní profesor","Praha",99,1187,"A",0,0,0,0,0,0,0,0,"SEN 21"
9,5,166,"Karel","Řehka","","",51,"bezpečnostní analytik, pedagog, válečný veterán","Bdeněves",99,166,"A",0,0,0,0,0,0,0,0,"STAROSTOVÉ A NEZÁVISLÍ"
9,6,47,"Jiří","Valenta","PhDr. Ing.","DBA",60,"pedagog, zastupitel kraje","Plzeň",47,47,"A",0,0,0,0,0,0,0,0,"Komunistická strana Čech a Moravy"
9,7,768,"Lucie","Kantorová","Mgr. et Mgr.","",40,"učitelka, náměstkyně primátora pro oblast školství","Plzeň",768,768,"A",0,0,0,0,0,0,0,0,"ANO 2011"
9,8,1114,"Július","Líška","Ing.","",60,"manažer v mezinárodní společnosti","Plzeň",1114,1114,"A",0,0,0,0,0,0,0,0,"Svoboda a přímá demokracie (SPD)"
12,1,1,"Jana","Hrdinová","","",50,"výrobce lidových krojů","Čejetice",1,1,"A",0,0,0,0,0,0,0,0,"KDU-ČSL"
12,2,1722,"Tomáš","Fiala","MUDr. Bc.","MBA",69,"ředitel nemocnice, senátor","Strakonice",1722,1722,"A",0,0,0,0,0,0,0,0,"Naše Česko"
12,3,1486,"Miroslav","Ušatý","Ing.","",60,"starosta Albrechtic nad Vltavou a ekonom","Albrechtice nad Vltavou",99,714,"A",0,0,0,0,0,0,0,0,"Váš hlas pro zájmy Prácheňska a ochranu české koruny, ekonomiky a hotovosti v Ústavě"
15,1,1740,"Jaroslav","Chalupský","Ing.","",52,"nezávislý senátor, ekonom, zastupitel","Jindřichův Hradec",1740,1740,"A",0,0,0,0,0,0,0,0,"Srdcem a Rozumem"
15,2,47,"Pavel","Hodáč","","",57,"jednatel firmy","Pelhřimov",47,47,"A",0,0,0,0,0,0,0,0,"Komunistická strana Čech a Moravy"
15,3,1648,"Ladislav","Med","","",66,"starosta města","Pelhřimov",53,53,"A",0,0,0,0,0,0,0,0,"Za demokracii"
15,4,1114,"Lucie","Pavlů Řádová","Mgr.","",43,"obchodní manažerka, lektorka jazyků","Želiv",1114,1114,"A",0,0,0,0,0,0,0,0,"Svoboda a přímá demokracie (SPD)"
15,5,768,"Michal","Kozár","Mgr. Ing.","MBA",43,"starosta města Jindřichův Hradec","Jindřichův Hradec",768,768,"A",0,0,0,0,0,0,0,0,"ANO 2011"
15,6,1704,"Karolína","Kubisková","Ing.","",41,"podnikatelka","Kamenice nad Lipou",1704,1704,"A",0,0,0,0,0,0,0,0,"VÝZVA 2025"
18,1,166,"Petr","Štěpánek","","",62,"senátor","Petrovice",166,166,"A",0,0,0,0,0,0,0,0,"STAROSTOVÉ A NEZÁVISLÍ"
18,2,768,"Barbora","Daňhová","MUDr.","MHA",52,"lékařka","Příbram",768,768,"A",0,0,0,0,0,0,0,0,"ANO 2011"
18,3,1202,"Pavel","Vermach","Ing.","Ph.D.",68,"stavební inženýr, specialista státního fondu zaměřeného na rozvoj dostupného bydlení a investic v obcích, předseda spolku na ochranu přírody a krajiny a podporu občanských aktivit","Praha 9",1202,1202,"A",0,0,0,0,0,0,0,0,"Sdružení pro Místní Správu"
18,4,1535,"Josef","Šorna","MUDr.","",73,"lékař","Láz",1265,1265,"A",0,0,0,0,0,0,0,0,"Svoboda a přímá demokracie (SPD), PRO Právo Respekt Odbornost"
18,5,1066,"Simona","Luftová","Mgr.","",53,"zastupitelka města Příbram, středoškolská učitelka","Příbram",720,720,"A",0,0,0,0,0,0,0,0,"Simona Luftová do senátu"
18,6,1295,"Frank Thomas","Podstatzky-Lichtenstein","","",60,"stavební inženýr, elektrikář","Ohrobec",99,1295,"A",0,0,0,0,0,0,0,0,"Česká zemědělská strana"
21,1,768,"Lubomír","Brož","Ing.","",60,"člen rady městské části Praha 5, ekonom","Praha 5",768,768,"A",0,0,0,0,0,0,0,0,"ANO 2011"
21,2,1954,"Zdeněk","Šarapatka","PaedDr.","Ph.D.",68,"publicista, politický komentátor, aktivní občan, bývalý radní ČT a pedagog","Praha",721,721,"A",0,0,0,0,0,0,0,0,"ZDENĚK ŠARAPATKA – ZLU SE NEUSTUPUJE"
21,3,1187,"Václav","Láska","Mgr.","",52,"senátor","Praha 5",1187,1187,"A",0,0,0,0,0,0,0,0,"SEN 21"
21,4,1245,"Ľubomír","Augustín","","",54,"právník, ekonom","Senohraby",1245,1245,"A",0,0,0,0,0,0,0,0,"PŘÍSAHA občanské hnutí"
21,5,1114,"Pavel","Spirov","Ing.","Ph.D.",42,"vysokoškolský pedagog, vědecko-technický pracovník","Praha",1114,1114,"A",0,0,0,0,0,0,0,0,"Svoboda a přímá demokracie (SPD)"
21,6,1889,"Radko","Sáblík","Ing.","",64,"ředitel Smíchovské střední","Mníšek pod Brdy",53,53,"A",0,0,0,0,0,0,0,0,"Sáblík do Senátu, koalice ODS, KDU-ČSL a STAN s podporou spolku Studenti pro Sáblíka"
21,7,47,"Petra","Prokšanová","Mgr.","",41,"socioložka, marketérka","Praha",47,47,"A",0,0,0,0,0,0,0,0,"Komunistická strana Čech a Moravy"
24,1,1707,"Darina","Batyiová","","",44,"finanční analytička","Praha 9",99,1707,"A",0,0,0,0,0,0,0,0,"Hnutí Kruh"
24,2,1955,"David","Smoljak","","",67,"senátor, bojovník za nezávislost médií, cimrmanolog","Praha 9 - Vinoř",99,166,"A",0,0,0,0,0,0,0,0,"""David Smoljak je náš senátor!"""
24,3,1647,"Bedřich","Laube","Bc.","",57,"manažer v automobilovém průmyslu a dopravě, zastupitel Praha 9","Praha 9",714,714,"A",0,0,0,0,0,0,0,0,"Svobodní s podporou Svoboda a přímá demokracie (SPD), Trikolora, PRO Právo Respekt Odbornost"
24,4,768,"Radek","Žalud","","DiS.",40,"IT specialista, hudebník","Lipí",99,768,"A",0,0,0,0,0,0,0,0,"ANO 2011"
24,5,53,"Dagmar","Pecková","","",65,"operní pěvkyně, herečka, spisovatelka a umělecká ředitelka festivalu Zlatá Pecka","Praha 4",99,53,"A",0,0,0,0,0,0,0,0,"Občanská demokratická strana"
27,1,1291,"Jiří","Morštadt","Dipl. Ing.","",59,"podnikatel, vydavatel, producent","Praha 1",99,1291,"A",0,0,0,0,0,0,0,0,"Hnutí Generace"
27,2,74,"Pavel","Čižinský","Mgr.","",49,"advokát","Praha",74,74,"A",0,0,0,0,0,0,0,0,"Levice"
27,3,1194,"Jan","Štern","Ing.","",73,"producent","Praha 4",1194,1194,"A",0,0,0,0,0,0,0,0,"„JSME TEAM“"
27,4,1297,"Vojtěch","Ryvola","Ing.","",61,"radní MČ Praha 1","Praha 1",1297,1297,"A",0,0,0,0,0,0,0,0,"GEN"
27,5,768,"Ján","Dudra","doc. MUDr.","Ph.D.,MPH",62,"ředitel VFN Praha, lékař urgentní medicíny, záchranář","Praha 4",99,768,"A",0,0,0,0,0,0,0,0,"ANO 2011"
27,6,752,"Jiří Pavel","Pešek","Ing.","",68,"biochemik, pedagog a bývalý diplomat","Praha 4",99,752,"A",0,0,0,0,0,0,0,0,"ŠVÝCARSKÁ DEMOKRACIE - Švýcaři si užívají nejvyšší kvality života na světě - PRŮMĚRNOU MZDU mají v přepočtu zhruba 185 000 Kč (ČR 47 000 Kč), DPH mají pouhých 8 % (ČR 21 %), STÁTNÍ DLUH dlouhodobě sni"
27,7,1912,"Jiří","Padevět","PhDr.","",60,"nakladatel a spisovatel","Praha 4",99,166,"A",0,0,0,0,0,0,0,0,"Koalice hnutí STAROSTOVÉ A NEZÁVISLÍ, Občanské demokratické strany, TOP 09 a České pirátské strany"
27,8,1938,"Jan","Čižinský","","",48,"starosta Prahy 7, historik, středoškolský učitel","Praha 7",1180,1180,"A",0,0,0,0,0,0,0,0,"PRAHA SOBĚ"
27,9,7,"Vladimír","Kolman","Ing.","Ph.D., MBA",75,"ekonom","Praha",7,7,"A",0,0,0,0,0,0,0,0,"Sociální demokracie"
30,1,1722,"Jan","Klas","Ing.","",63,"manažer","Praha",99,1722,"A",0,0,0,0,0,0,0,0,"Naše Česko"
30,2,1803,"Adéla","Sucharda Šípová","Mgr.","",46,"senátorka Parlamentu ČR, advokátka","Doksy",99,720,"A",0,0,0,0,0,0,0,0,"Adéla do Senátu"
30,3,1245,"Jaroslav","Pelc","","",55,"OSVČ","Kladno",1245,1245,"A",0,0,0,0,0,0,0,0,"PŘÍSAHA občanské hnutí"
30,4,1114,"Marcela","Machalová","Mgr. Bc.","MBA",64,"pedagog, manažerka distančního studia Kladno, zastupitelka města","Kladno",1114,1114,"A",0,0,0,0,0,0,0,0,"Svoboda a přímá demokracie (SPD)"
30,5,53,"Petr","Paták","Mgr.","DiS., MBA",41,"ředitel střední školy","Kladno",53,53,"A",0,0,0,0,0,0,0,0,"Občanská demokratická strana"
30,6,768,"Aleš","Gerloch","prof. JUDr.","CSc.",71,"univerzitní profesor, expert na ústavní právo","Praha",99,768,"A",0,0,0,0,0,0,0,0,"ANO 2011"
33,1,1265,"Jan","Skalický","Ing.","",61,"dopravní expert a vodohospodář","Děčín",1265,1265,"A",0,0,0,0,0,0,0,0,"PRO Právo Respekt Odbornost"
33,2,112,"Anna","Lehká","Mgr. Ing.","",54,"náměstkyně primátora města","Děčín",112,112,"A",0,0,0,0,0,0,0,0,"MÍSTNÍ HNUTÍ NEZÁVISLÝCH ZA HARMONICKÝ ROZVOJ OBCÍ A MĚST"
33,3,1164,"Zbyněk","Linhart","Ing.","",57,"Senátor, místostarosta města Krásná Lípa","Krásná Lípa",99,166,"A",0,0,0,0,0,0,0,0,"Senátor za Děčínsko - České Švýcarsko"
33,4,768,"Michal","Hejcman","prof. RNDr. Mgr.","Ph.D. et Ph.D.",50,"univerzitní profesor, vědec","Mšec",99,768,"A",0,0,0,0,0,0,0,0,"ANO 2011"
33,5,1852,"Miroslav","Štross","Ing. arch.","",41,"architekt","Děčín",5,5,"A",0,0,0,0,0,0,0,0,"Architekt do Senátu"
36,1,53,"Vít","Vomáčka","Ing.","MBA",66,"místostarosta obce Kravaře","Kravaře",53,53,"A",0,0,0,0,0,0,0,0,"Občanská demokratická strana"
36,2,80,"Jiří","Vosecký","","",75,"senátor Parlamentu ČR, regionální patriot, včelař","Okrouhlá",99,80,"A",0,0,0,0,0,0,0,0,"Nezávislý kandidát"
36,3,768,"Jitka","Volfová","Ing.","",57,"starostka města Česká Lípa","Česká Lípa",768,768,"A",0,0,0,0,0,0,0,0,"ANO 2011"
36,4,47,"Leoš","Hamrský","","",69,"technik mlynářské a pekárenské výroby","Liberec",47,47,"A",0,0,0,0,0,0,0,0,"Komunistická strana Čech a Moravy"
36,5,703,"Martin","Půta","","",55,"hejtman Libereckého kraje","Hrádek nad Nisou",703,703,"A",0,0,0,0,0,0,0,0,"Starostové pro Liberecký kraj"
39,1,1114,"Radek","Mráz","","",57,"pracovník expedice, zastupitel města Úpice","Úpice",1114,1114,"A",0,0,0,0,0,0,0,0,"Svoboda a přímá demokracie (SPD)"
39,2,166,"Jan","Sobotka","Ing.","",65,"starosta města a senátor","Vrchlabí",99,166,"A",0,0,0,0,0,0,0,0,"STAROSTOVÉ A NEZÁVISLÍ"
39,3,768,"Zuzana","Chovancová","MUDr.","",60,"primářka očního oddělení ONT","Trutnov",99,768,"A",0,0,0,0,0,0,0,0,"ANO 2011"
39,4,1265,"Hynek","Beran","Ing.","",65,"energetický poradce","Praha",99,1265,"A",0,0,0,0,0,0,0,0,"PRO Právo Respekt Odbornost"
42,1,768,"Andrea","Brzobohatá","","",55,"práce s handicapovanými lidmi","Škvorec",768,768,"A",0,0,0,0,0,0,0,0,"ANO 2011"
42,2,1173,"Pavel","Sehnal","Ing.","",62,"majitel Obchodních tiskáren Kolín","Praha 18",1173,1173,"A",0,0,0,0,0,0,0,0,"Aliance pro budoucnost"
42,3,687,"Roman","Schulz","Mgr.","",58,"starosta Poděbrad","Poděbrady",53,53,"A",0,0,0,0,0,0,0,0,"Roman Schulz do Senátu, koalice ODS a TOP 09"
42,4,1282,"František","Třeštik","","",70,"viceprezident Smíšené obchodní komory Česká republika - Indonésie","Poděbrady",1282,1282,"A",0,0,0,0,0,0,0,0,"Jasný Signál Nezávislých"
42,5,47,"Jiří","Rynekr","","",50,"specialista pojistných událostí","Kouřim",47,47,"A",0,0,0,0,0,0,0,0,"Komunistická strana Čech a Moravy"
42,6,1114,"Antonín","Dušek","Ing.","",70,"ministerský rada, manažer ve výrobě","Malešov",1114,1114,"A",0,0,0,0,0,0,0,0,"Svoboda a přímá demokracie (SPD)"
42,7,166,"Michael","Kašpar","Mgr.","",43,"starosta Kolína","Kolín",166,166,"A",0,0,0,0,0,0,0,0,"STAROSTOVÉ A NEZÁVISLÍ"
45,1,80,"Monika","Nebeská","Ing.","",57,"předsedkyně představenstva Zemědělské družstvo Všestary","Hradec Králové",99,80,"A",0,0,0,0,0,0,0,0,"Nezávislý kandidát"
45,2,759,"Vladimír","Dryml","MUDr.","",74,"lékař chirurg, býv. senátor","Hradec Králové",99,759,"A",0,0,0,0,0,0,0,0,"ČSSD – Česká suverenita sociální demokracie"
45,3,768,"Jana","Hůlková","","DiS.",42,"náměstkyně hejtmana pro sociální oblast","Hradec Králové",768,768,"A",0,0,0,0,0,0,0,0,"ANO 2011"
45,4,1114,"Ivan","Picek","Mgr.","",60,"IT specialista, zastupitel města Hradec Králové","Hradec Králové",1114,1114,"A",0,0,0,0,0,0,0,0,"Svoboda a přímá demokracie (SPD)"
45,5,1899,"Jan","Holásek","JUDr.","LL.M.",53,"senátor za Hradecko, právník, zastupitel města Hradec Králové a držitel ocenění Dělník protikorupční legislativy","Hradec Králové",1267,1267,"A",0,0,0,0,0,0,0,0,"Znovu za Hradecko: práce pro vás dává smysl"
45,6,53,"Zuzana","Ceralová Petrofová","Mgr.","",58,"podnikatelka, prezidentka společnosti PETROF a předsedkyně Správní rady UHK","Hvozdnice",99,53,"A",0,0,0,0,0,0,0,0,"Občanská demokratická strana"
45,7,1867,"Martin","Dvořák","Ing.","",69,"diplomat, bývalý hradecký primátor a ministr","Hradec Králové",166,166,"A",0,0,0,0,0,0,0,0,"Demokraté pro Hradecko (koalice STAROSTOVÉ a NEZÁVISLÍ, Česká pirátská strana, TOP 09, Strana zelených, Hradecký demokratický klub)"
48,1,768,"Petr","Sadovský","PhDr.","MBA",57,"poslanec Parlamentu ČR","Dobruška",768,768,"A",0,0,0,0,0,0,0,0,"ANO 2011"
48,2,1857,"Jan","Grulich","Mgr.","",51,"senátor, ředitel ZŠ a MŠ Trivium Plus v Dobřanech","Sedloňov",721,721,"A",0,0,0,0,0,0,0,0,"Honza Grulich - senátor z hor, společně TOP 09, ODS, KDU-ČSL, STAN, Piráti, LES"
51,1,1114,"Radek","Koten","","",61,"poslanec, zastupitel Kraje Vysočina","Vojnův Městec",1114,1114,"A",0,0,0,0,0,0,0,0,"Svoboda a přímá demokracie (SPD)"
51,2,1,"Josef","Klement","Ing.","",55,"senátor","Žďár nad Sázavou",1,1,"A",0,0,0,0,0,0,0,0,"KDU-ČSL"
51,3,1945,"Michal","Šmarda","","",51,"starosta Nového Města na Moravě","Nové Město na Moravě",99,1272,"A",0,0,0,0,0,0,0,0,"Starosta Šmarda - hlas regionu"
51,4,1946,"Radek","Černý","MUDr.","",53,"lékař - ortoped","Žďár nad Sázavou",53,53,"A",0,0,0,0,0,0,0,0,"cernydosenatu.cz"
51,5,143,"David","Moos","","",44,"IT a datový specialista, informatik","Senetářov",99,143,"A",0,0,0,0,0,0,0,0,"Spojení demokraté - Sdružení nezávislých"
54,1,80,"Jindřich","Růžička","","",48,"podnikatel","Dobšice",99,80,"A",0,0,0,0,0,0,0,0,"Nezávislý kandidát"
54,2,1655,"Tomáš","Třetina","Mgr.","",54,"senátor a bývalý starosta","Moravský Krumlov",721,721,"A",0,0,0,0,0,0,0,0,"Znojemsko pohromadě: TOP 09, ODS, KDU-ČSL, STAN, Piráti"
54,3,768,"Jiří","Kyněra","","",68,"trenér","Znojmo",99,768,"A",0,0,0,0,0,0,0,0,"ANO 2011"
54,4,1298,"Petra","Rédová Fajmonová","","",50,"zdravotní sestra","Brno",99,1298,"A",0,0,0,0,0,0,0,0,"Stačilo!"
54,5,1715,"Bohumila","Beranová","","",53,"místostarostka města Znojma","Znojmo",99,1715,"A",0,0,0,0,0,0,0,0,"Hnutí Hlas regionů"
54,6,1245,"Pavel","Černý","","",52,"manažer a podnikatel","Loděnice",1245,1245,"A",0,0,0,0,0,0,0,0,"PŘÍSAHA občanské hnutí"
57,1,1245,"Jaroslav","Fládr","Bc.","",54,"starosta obce","Studnice",1245,1245,"A",0,0,0,0,0,0,0,0,"PŘÍSAHA občanské hnutí"
57,2,1,"Jan","Grolich","Mgr.","",42,"hejtman Jihomoravského kraje","Velatice",1,1,"A",0,0,0,0,0,0,0,0,"KDU-ČSL"
57,3,768,"Petra","Absolonová","Bc.","MBA",48,"vrchní sestra Masarykova onkologického ústavu","Modřice",768,768,"A",0,0,0,0,0,0,0,0,"ANO 2011"
60,1,1694,"Zdeněk","Papoušek","PhDr.","",69,"senátor, sociolog, učitel","Brno",99,53,"A",0,0,0,0,0,0,0,0,"Zdenál do Senátu"
60,2,1298,"Klára Alžběta","Samková","JUDr.","Ph.D.",63,"advokátka","Praha 2",99,1298,"A",0,0,0,0,0,0,0,0,"Stačilo!"
60,3,1707,"Veronika","Holcnerová","","",42,"datová inženýrka","Brno",1707,1707,"A",0,0,0,0,0,0,0,0,"Hnutí Kruh"
60,4,768,"Jaroslav","Štěrba","prof. MUDr.","Ph.D.",64,"přednosta kliniky dětské onkologie FN Brno a LF MU","Šlapanice",99,768,"A",0,0,0,0,0,0,0,0,"ANO 2011"
60,5,166,"Karel","Zitterbart","MUDr.","Ph.D.",48,"dětský lékař z Polikliniky Lesná, senátor","Mokrá-Horákov",99,166,"A",0,0,0,0,0,0,0,0,"STAROSTOVÉ A NEZÁVISLÍ"
60,6,1114,"Jaroslav","Turánek","prof. RNDr.","CSc., DSc.",68,"vědecký pracovník a vysokoškolský pedagog","Brno",99,1114,"A",0,0,0,0,0,0,0,0,"Svoboda a přímá demokracie (SPD)"
63,1,2,"Marek","Obrtel","MUDr.","",59,"lékař - záchranář","Rokytnice",2,2,"A",0,0,0,0,0,0,0,0,"Česká strana národně sociální"
63,2,768,"Petr","Vrána","Ing.","",51,"primátor města Přerova","Přerov",768,768,"A",0,0,0,0,0,0,0,0,"ANO 2011"
63,3,1531,"Jakub","Navařík","Mgr.","Ph.D.",40,"vědec, podnikatel, uvolněný radní, sokol","Přerov",53,53,"A",0,0,0,0,0,0,0,0,"Kluk od vedle do Senátu"
63,4,1114,"Dan","Chromec","","",55,"radní Olomouckého kraje, zastupitel města Přerov","Přerov",1114,1114,"A",0,0,0,0,0,0,0,0,"Svoboda a přímá demokracie (SPD)"
66,1,1,"Michael","Kohajda","doc. JUDr.","Ph.D.",45,"právník, rektor univerzity","Šumperk",99,1,"A",0,0,0,0,0,0,0,0,"KDU-ČSL"
66,2,1114,"Pavel","Jelínek","Ing.","PhD.",63,"náměstek hejtmana, zastupitel města Olomouce","Olomouc",1114,1114,"A",0,0,0,0,0,0,0,0,"Svoboda a přímá demokracie (SPD)"
66,3,768,"Martin","Škurek","JUDr.","Ph.D.",42,"vysokoškolský pedagog","Mohelnice",768,768,"A",0,0,0,0,0,0,0,0,"ANO 2011"
66,4,74,"Zdeněk","Beil","","",73,"šachový trenér mládeže","Mladějov na Moravě",74,74,"A",0,0,0,0,0,0,0,0,"Levice"
66,5,1747,"Marek","Ošťádal","","",53,"senátor","Náklo",1747,1747,"A",0,0,0,0,0,0,0,0,"24/7"
69,1,47,"Petr","Hrnčárek","Ing.","",73,"elektroinženýr (důchodce)","Ostravice",47,47,"A",0,0,0,0,0,0,0,0,"Komunistická strana Čech a Moravy"
69,2,799,"Petr","Korč","","",50,"lídr Našeho Města F-M","Frýdek-Místek",799,799,"A",0,0,0,0,0,0,0,0,"Naše Město F-M"
69,3,1701,"Nela","Lisková","","",51,"podnikatelka, spisovatelka","Krmelín",1701,1701,"A",0,0,0,0,0,0,0,0,"Politické hnutí NEZLOMNÍ"
69,4,752,"René","Hompora","","",55,"manažer ve zdravotnictví","Frýdek-Místek",99,752,"A",0,0,0,0,0,0,0,0,"ŠVÝCARSKÁ DEMOKRACIE - Švýcaři si užívají nejvyšší kvality života na světě - PRŮMĚRNOU MZDU mají v přepočtu zhruba 185 000 Kč (ČR 47 000 Kč), DPH mají pouhých 8 % (ČR 21 %), STÁTNÍ DLUH dlouhodobě snižují (mají ústavou danou povinnost státu hospodařit s VYROVNANÝM ROZPOČTEM), INFLACI mají nejnižší v Evropě, v posledních krizových letech jen 3 % (ČR 17 %), KONKURENCESCHOPNÍ jsou nejvíce na světě, JUSTICI mají jednu z nejefektivnějších (přitom nemají ústavní soud), stát udržují hluboce DECENTRALIZOVANÝ (ústavou mají dánu zásadu SUBSIDIARITY- na stát je delegováno jen to, co nelze nebo není výhodné řešit na nižší politické úrovni, výrazně větší množství peněz daňových poplatníků zůstává na místní úrovni), přímo ústavou chrání svou POTRAVINOVOU SOBĚSTAČNOST, KVALITU ŽIVOTNÍHO PROSTŘEDÍ mají jednu z nejlepších, OCHRANU PRÁV ZVÍŘAT jednu z nejvyšších, OBRANU jednu z nejúčinnějších (organizovanou jako domobranu), IMIGRACI zcela pod kontrolou, přitom nejsou členy EU ani NATO - za vše vděčí svému originálnímu politickému SYSTÉMU, který stojí na FEDERALISMU, NEUTRALITĚ a PŘÍMÉ DEMOKRACII - 30 let měníme politiky a naše výsledky se zásadně nemění, je tedy POTŘEBA ZMĚNIT SYSTÉM po vzoru Švýcarska, to můžeme učinit jedním velkým krokem, PŘIJETÍM NOVÉ ÚSTAVY, to je náš cíl, je potřeba se učit od úspěšných (www.svycarska-demokracie.cz)"
69,5,1114,"Tomáš","Krpel","Mgr.","",59,"pedagog, předseda kontrolního výboru města Frýdek-Místek","Frýdek-Místek",1114,1114,"A",0,0,0,0,0,0,0,0,"Svoboda a přímá demokracie (SPD)"
69,6,1472,"Helena","Pešatová","RNDr.","",67,"senátorka, starostka města","Frýdlant nad Ostravicí",99,166,"A",0,0,0,0,0,0,0,0,"HELENA PEŠATOVÁ"
69,7,1736,"Zdeněk","Navrátil","Ing.","",62,"majitel společnosti, předseda, manažer a trenér sportovního klubu","Frýdek-Místek",1736,1736,"A",0,0,0,0,0,0,0,0,"rEvoluce"
72,1,1535,"Milan","Loprais","","",50,"ekonomický poradce","Frenštát pod Radhoštěm",1265,1265,"A",0,0,0,0,0,0,0,0,"SPD a PRO Právo Respekt Odbornost"
72,2,755,"Petr","Jančík","doc. Ing.","Ph.D.",66,"vysokoškolský pedagog","Ostrava",99,755,"A",0,0,0,0,0,0,0,0,"Ostravak"
72,3,1655,"Ondřej","Šimetka","doc. MUDr.","Ph.D., MBA",56,"lékař, vysokoškolský učitel, senátor","Háj ve Slezsku",99,53,"A",0,0,0,0,0,0,0,0,"Šimetka do Senátu"
72,4,768,"Lucie","Baránková Vilamová","Ing.","Ph.D.",42,"starostka Poruby","Ostrava",768,768,"A",0,0,0,0,0,0,0,0,"ANO 2011"
72,5,752,"Radoslav","Štědroň","RNDr.","",71,"geograf, OSVČ","Ostrava",752,752,"A",0,0,0,0,0,0,0,0,"ŠVÝCARSKÁ DEMOKRACIE - Švýcaři si užívají nejvyšší kvality života na světě - PRŮMĚRNOU MZDU mají v přepočtu zhruba 185 000 Kč (ČR 47 000 Kč), DPH mají pouhých 8 % (ČR 21 %), STÁTNÍ DLUH dlouhodobě snižují (mají ústavou danou povinnost státu hospodařit s VYROVNANÝM ROZPOČTEM), INFLACI mají nejnižší v Evropě, v posledních krizových letech jen 3 % (ČR 17 %), KONKURENCESCHOPNÍ jsou nejvíce na světě, JUSTICI mají jednu z nejefektivnějších (přitom nemají ústavní soud), stát udržují hluboce DECENTRALIZOVANÝ (ústavou mají dánu zásadu SUBSIDIARITY- na stát je delegováno jen to, co nelze nebo není výhodné řešit na nižší politické úrovni, výrazně větší množství peněz daňových poplatníků zůstává na místní úrovni), přímo ústavou chrání svou POTRAVINOVOU SOBĚSTAČNOST, KVALITU ŽIVOTNÍHO PROSTŘEDÍ mají jednu z nejlepších, OCHRANU PRÁV ZVÍŘAT jednu z nejvyšších, OBRANU jednu z nejúčinnějších (organizovanou jako domobranu), IMIGRACI zcela pod kontrolou, přitom nejsou členy EU ani NATO - za vše vděčí svému originálnímu politickému SYSTÉMU, který stojí na FEDERALISMU, NEUTRALITĚ a PŘÍMÉ DEMOKRACII - 30 let měníme politiky a naše výsledky se zásadně nemění, je tedy POTŘEBA ZMĚNIT SYSTÉM po vzoru Švýcarska, to můžeme učinit jedním velkým krokem, PŘIJETÍM NOVÉ ÚSTAVY, to je náš cíl, je potřeba se učit od úspěšných (www.svycarska-demokracie.cz)"
72,6,759,"Radek","Iwoniak","Ing.","",50,"OSVČ projektant","Ostrava",759,759,"A",0,0,0,0,0,0,0,0,"ČSSD – Česká suverenita sociální demokracie"
72,7,1293,"Štefan","Režný","","",58,"OSVČ","Ostrava",1293,1293,"A",0,0,0,0,0,0,0,0,"Občansko-politické hnutí ReMeK pro zrušení SENÁTU"
75,1,1154,"Aleš","Polách","MUDr.","",48,"lékař-stomatolog","Dětmarovice",99,53,"A",0,0,0,0,0,0,0,0,"Pro Karvinsko"
75,2,1803,"Mariam","Szyja","MUDr.","",45,"zubařka a digitální tvůrkyně","Karviná",99,720,"A",0,0,0,0,0,0,0,0,"Mariam Szyja, senátorka za dostupnější zdravotní péči"
75,3,1114,"Pavel","Staněk","Ing.","",59,"člen rady Moravskoslezského kraje, místostarosta města Rychvald","Rychvald",1114,1114,"A",0,0,0,0,0,0,0,0,"Svoboda a přímá demokracie (SPD)"
75,4,1282,"Karel","Světnička","Mgr. et Bc.","",66,"právník, nezávislý publicista","Havířov",99,1282,"A",0,0,0,0,0,0,0,0,"Jasný Signál Nezávislých"
75,5,768,"Lenka","Brzyszkowská","","",50,"starostka města Orlová","Orlová",768,768,"A",0,0,0,0,0,0,0,0,"ANO 2011"
75,6,7,"Roman","Galia","Mgr. Bc.","",51,"sociální pedagog","Orlová",7,7,"A",0,0,0,0,0,0,0,0,"Sociální demokracie"
75,7,1287,"Petr","Kazík","Ing.","Ph.D.",62,"ředitel Slezského divadla v Opavě","Karviná",99,1287,"A",0,0,0,0,0,0,0,0,"Osobnosti pro kraj"
78,1,1114,"Lubomír","Nečas","MUDr.","",71,"praktický a tělovýchovný lékař, zastupitel Zlínského kraje, hlavní lékař rally","Zlín",1114,1114,"A",0,0,0,0,0,0,0,0,"Svoboda a přímá demokracie (SPD)"
78,2,1327,"Tomáš","Goláň","Ing.","",57,"daňový poradce a senátor","Zlín",53,53,"A",0,0,0,0,0,0,0,0,"Hlas Zlínska"
78,3,47,"Jan","Doleček","","",54,"vydavatel","Zubří",47,47,"A",0,0,0,0,0,0,0,0,"Komunistická strana Čech a Moravy"
78,4,768,"Vladimír","Sedlařík","prof. Ing.","Ph.D.",46,"akademický pracovník","Zlín",99,768,"A",0,0,0,0,0,0,0,0,"ANO 2011"
78,5,166,"Ivo","Mitáček","PhDr. Mgr.","",54,"poradce pro bezpečnost a krizové řízení","Zlín",99,166,"A",0,0,0,0,0,0,0,0,"STAROSTOVÉ A NEZÁVISLÍ"
78,6,1187,"Pavel","Dlouhý","Mgr.","MBA",56,"ředitel základní školy","Zlín",99,1187,"A",0,0,0,0,0,0,0,0,"SEN 21"
81,1,143,"Otakar","Březina","","",60,"20 let starosta obce, bývalý vyšetřovatel Policie ČR","Kozojídky",99,143,"A",0,0,0,0,0,0,0,0,"Spojení demokraté - Sdružení nezávislých"
81,2,775,"Kristýna","Zelienková","Ing.","",52,"ředitelka Nadační fond ZET","Uherský Ostroh",99,775,"A",0,0,0,0,0,0,0,0,"ZVUK 12"
81,3,1114,"David","Skyba","","",52,"jednatel společnosti, lektor a kouč","Otrokovice",1114,1114,"A",0,0,0,0,0,0,0,0,"Svoboda a přímá demokracie (SPD)"
81,4,768,"Jiří","Vašica","","DiS.",49,"zdravotnický záchranář","Uherské Hradiště",99,768,"A",0,0,0,0,0,0,0,0,"ANO 2011"
81,5,1732,"Margita","Balaštíková","Mgr.","",59,"manager","Tupesy",1732,1732,"A",0,0,0,0,0,0,0,0,"Odvážné Česko"
81,6,1,"Josef","Bazala","","",66,"senátor","Staré Město",1,1,"A",0,0,0,0,0,0,0,0,"KDU-ČSL"
